Cost4_A,md_earn_wne_p10,STATE
14965,31400,AL
19547,40300,AL
11540,38100,AL
19072,46600,AL
15986,27800,AL
21681,42400,AL
7485,27100,AL
15179,34800,AL
21140,45400,AL
39848,41900,AL
6110,27700,AL
14622,21300,AL
31718,29800,AL
9304,26300,AL
9182,28900,AL
25198,37600,AL
10452,26900,AL
7754,27100,AL
10771,27800,AL
14974,24400,AL
23839,42300,AL
29369,37100,AL
14080,32700,AL
7718,23500,AL
17718,35100,AL
9487,27200,AL
12999,30300,AL
9672,27200,AL
26090,30700,AL
10966,22300,AL
16119,33800,AL
10270,28000,AL
17620,48500,AL
19126,27200,AL
27248,37800,AL
17670,35100,AL
10476,26300,AL
12977,36300,AL
7120,28700,AL
32985,33700,AL
9421,23200,AL
24357,29000,AL
7391,20100,AL
8731,22600,AL
34371,45800,AL
12401,24300,AL
8923,26000,AL
13746,38300,AL
40233,43800,AL
18509,28800,AL
24615,24700,AL
20622,25600,AL
10474,21000,AL
16024,36600,AL
30034,37100,AL
13284,25900,AL
14278,42000,AK
15070,38200,AK
13554,39500,AK
39710,47400,AK
23187,42000,AK
11549,42000,AK
30946,28300,AZ
29875,25200,AZ
20061,45200,AZ
13401,25600,AZ
21624,44400,AZ
46183,27500,AZ
8702,28700,AZ
28349,25200,AZ
8244,31200,AZ
29706,46500,AZ
10219,27800,AZ
43624,60900,AZ
12007,33300,AZ
29968,45200,AZ
13316,29800,AZ
12925,36000,AZ
26385,38400,AZ
26952,38400,AZ
24458,26700,AZ
11752,22500,AZ
21182,38800,AZ
11304,22100,AZ
12678,32500,AZ
26877,53400,AZ
7415,30100,AZ
37677,35200,AZ
13925,36600,AZ
12807,35700,AZ
12786,27100,AZ
30745,31000,AZ
28979,52600,AZ
8887,28200,AZ
16990,34800,AR
20015,21100,AR
31045,37200,AR
18064,43600,AR
15579,27400,AR
17770,32700,AR
15361,35000,AR
14827,33600,AR
17975,42100,AR
13097,26600,AR
18333,37100,AR
19872,35700,AR
10824,21000,AR
17141,31100,AR
9411,20200,AR
8527,23100,AR
13544,25000,AR
12636,23900,AR
23751,38600,AR
17175,35200,AR
44854,40500,AR
30606,46200,AR
10126,21800,AR
12672,22500,AR
11292,25500,AR
8739,27800,AR
29140,37500,AR
11549,24100,AR
12363,25200,AR
31596,31100,AR
10662,25600,AR
20107,26200,AR
15921,21200,AR
12639,26700,AR
13677,28700,AR
12160,23000,AR
9754,21300,AR
20545,32300,AR
12823,26100,AR
16466,35900,AR
13779,26800,AR
14353,29900,AR
34399,36100,CA
25652,38400,CA
10977,34300,CA
9493,29500,CA
37393,30200,CA
11078,27600,CA
11744,27000,CA
54019,51700,CA
41514,49000,CA
7966,29700,CA
14384,31800,CA
41843,40700,CA
34322,29100,CA
24617,42300,CA
12122,29800,CA
12410,32100,CA
36439,41800,CA
49375,35700,CA
52389,74000,CA
44254,52900,CA
21479,60900,CA
15517,48100,CA
15474,44900,CA
16516,45500,CA
15424,52000,CA
20730,45100,CA
11281,42800,CA
15479,43200,CA
13476,46500,CA
18698,51300,CA
16087,46900,CA
13161,44900,CA
19660,44200,CA
18655,46500,CA
30800,62700,CA
28950,57100,CA
27346,55800,CA
29240,59200,CA
27146,48700,CA
27700,59600,CA
30224,52000,CA
30670,44600,CA
25240,40400,CA
32570,32800,CA
53643,32500,CA
20707,81100,CA
9895,29300,CA
9677,34200,CA
7973,31400,CA
11853,24900,CA
12465,32900,CA
13237,28100,CA
53733,51800,CA
27900,63000,CA
38324,42100,CA
35943,34400,CA
8321,29100,CA
9162,36900,CA
55330,63600,CA
8870,30500,CA
33058,48500,CA
29887,49200,CA
9608,23000,CA
12789,30200,CA
14613,29000,CA
12714,28000,CA
13639,30500,CA
13137,32900,CA
7894,26800,CA
8759,33000,CA
9247,43600,CA
12921,29700,CA
33201,33900,CA
28778,46500,CA
13280,38300,CA
53169,51400,CA
13395,31600,CA
15365,30200,CA
13474,32700,CA
39798,34500,CA
30576,30400,CA
40198,34500,CA
36012,34500,CA
13762,26900,CA
10675,47600,CA
9856,26000,CA
32745,39700,CA
8378,32700,CA
10147,26900,CA
8874,30800,CA
11256,31700,CA
6509,32300,CA
13696,29500,CA
55288,78600,CA
24959,35200,CA
24640,30100,CA
24083,42100,CA
25430,37400,CA
23993,40000,CA
42438,50100,CA
20650,36200,CA
24148,31300,CA
8147,24500,CA
15191,35200,CA
25701,38400,CA
25355,38400,CA
25376,38400,CA
9284,25200,CA
23594,31200,CA
30432,38200,CA
40660,52700,CA
34839,39800,CA
10010,28400,CA
12165,27600,CA
14187,25300,CA
37224,41300,CA
9523,27800,CA
14154,29700,CA
12578,33600,CA
10396,25900,CA
10977,26500,CA
12392,30600,CA
37830,40900,CA
10244,25600,CA
13025,28900,CA
14068,34300,CA
33172,38200,CA
52047,55600,CA
14840,32300,CA
38024,32600,CA
13480,23500,CA
49770,50600,CA
8509,26100,CA
14966,28500,CA
51877,39000,CA
7984,29500,CA
13324,32800,CA
11822,27500,CA
12604,34100,CA
14116,38500,CA
9033,33800,CA
43368,50200,CA
11826,26500,CA
37224,26100,CA
14913,34300,CA
29833,29500,CA
26753,25800,CA
27592,24500,CA
15930,42900,CA
23851,54800,CA
45656,51300,CA
55691,50100,CA
14015,39000,CA
11269,34800,CA
47067,42000,CA
13822,29100,CA
35802,35100,CA
36748,48600,CA
47871,66400,CA
12403,26500,CA
10942,31700,CA
10498,33500,CA
28165,28900,CA
53084,61400,CA
55080,45300,CA
41815,35300,CA
39828,50300,CA
53490,52600,CA
8947,26100,CA
29329,34200,CA
8740,32400,CA
49598,53800,CA
11188,25300,CA
10763,32000,CA
11593,30000,CA
26372,38200,CA
10927,31000,CA
16645,33900,CA
11419,27000,CA
28442,26400,CA
11021,34900,CA
11161,36900,CA
18157,48700,CA
52952,56300,CA
50925,24600,CA
20374,46900,CA
52583,61000,CA
13644,29400,CA
21387,26900,CA
20239,26900,CA
31436,38600,CA
14587,29900,CA
21586,54600,CA
10366,39900,CA
22572,24000,CA
29095,32200,CA
19228,29000,CA
14671,33900,CA
53122,67700,CA
7386,31800,CA
12495,33900,CA
54700,47200,CA
7821,26500,CA
12215,24900,CA
13232,29500,CA
22452,32200,CA
32045,33700,CA
14092,25600,CA
9003,38000,CA
11596,24900,CA
52357,59000,CA
12228,34100,CA
21245,45600,CA
39081,38800,CA
9807,30700,CA
55493,66100,CA
11959,31800,CA
24797,27500,CA
13878,30900,CA
11931,25800,CA
12557,27100,CA
27807,54900,MN
9104,27700,CA
11774,28900,CA
14164,33300,CA
49990,48300,CA
48759,45100,CA
40545,45600,CA
10879,26200,CA
16505,33200,CO
13315,31700,CO
13366,35200,CO
22697,30600,CO
26108,24700,CO
24097,21100,CO
20984,73800,CO
17773,41200,CO
23535,40300,CO
25747,48000,CO
34590,40500,CO
50847,41100,CO
35310,32400,CO
8308,28800,CO
15189,38300,CO
25121,74700,CO
18682,44300,CO
22413,44100,CO
23256,32000,CO
21120,28800,CO
26472,34700,CO
14241,27900,CO
22450,35000,CO
49811,51400,CO
18725,34000,CO
15816,35400,CO
15430,26600,CO
18115,34600,CO
13037,38600,CO
15396,29600,CO
39119,18600,CO
22436,37800,CO
20026,37800,CO
18475,34500,CO
14867,34200,CO
18186,39000,CO
15712,28900,CO
26423,26400,CO
17958,29900,CO
15396,26900,CO
15913,34600,CO
41825,53100,CO
38760,28100,CO
16097,36200,CO
14025,19100,CO
15767,25000,CO
16716,36500,CO
37999,52200,CT
10667,32400,CT
31390,30300,CT
23545,66800,CT
42076,40600,CT
19771,43700,CT
55010,51000,CT
32069,44300,CT
24474,53900,CT
32909,25800,CT
24119,42400,CT
52799,69000,CT
13392,35000,CT
42723,45900,CT
9251,30100,CT
25028,32600,CT
13497,33800,CT
10559,32500,CT
8573,30100,CT
42253,29800,CT
7564,32600,CT
45145,48900,CT
11469,31900,CT
11077,27000,CT
20654,24600,CT
32120,36300,CT
37307,36600,CT
10531,25100,CT
48715,56400,CT
47073,54100,CT
40295,49700,CT
11198,30200,CT
18160,64000,CT
17015,41700,CT
55505,56100,CT
10661,34300,CT
56641,50900,CT
19617,43300,CT
55300,66000,CT
8019,28800,DE
7991,29000,DE
7951,33500,DE
20006,34200,DE
20325,54300,DE
31394,43900,DE
33766,41400,DE
16347,43000,DE
51935,55900,DC
50072,54500,DC
44491,34100,DC
18512,36200,DC
26898,25600,DC
55625,64500,DC
56485,83300,DC
30127,46500,DC
31329,51700,DC
29452,52100,DC
34168,29500,FL
15418,29900,FL
40050,45300,FL
26152,28700,FL
46188,35500,FL
10475,28700,FL
13021,33400,FL
22945,20900,FL
28720,24900,FL
13610,29700,FL
24510,29500,FL
17692,43000,FL
9634,20000,FL
9102,29700,FL
26428,34700,FL
11464,27000,FL
30765,29800,FL
46581,40800,FL
14535,32300,FL
22108,25600,FL
43924,60900,FL
16693,37300,FL
18365,41400,FL
11101,32100,FL
26350,37200,FL
23690,36900,FL
22663,51100,FL
47704,53100,FL
16964,45100,FL
28899,27100,FL
23611,27700,FL
41126,34300,FL
34340,37600,FL
18145,44000,FL
17784,51300,FL
23936,30000,FL
37457,34100,FL
4267,40300,FL
9807,29900,FL
22640,33000,FL
10161,32500,FL
6565,28700,FL
30396,27800,FL
32791,29300,FL
26088,38400,FL
38525,47700,FL
13856,28300,FL
25715,29600,FL
9152,30200,FL
8467,30400,FL
19437,38600,GA
15009,29600,FL
11242,27300,FL
15815,30500,FL
53928,52400,FL
25255,28900,FL
27236,26100,FL
28156,26100,FL
29468,31400,FL
28122,21000,FL
9216,27300,FL
16726,41600,FL
30893,44600,FL
36014,46500,FL
14657,29500,FL
25577,25300,FL
35124,38100,FL
7834,31500,FL
9536,29100,FL
10664,27500,FL
10534,31200,FL
5790,20800,FL
17585,19500,FL
49141,32800,FL
54030,42200,FL
30628,42600,FL
11923,32000,FL
12036,33500,FL
26372,38200,FL
12074,32300,FL
10658,29500,FL
10315,28300,FL
19798,41700,FL
33299,42600,FL
30122,27100,FL
45278,42600,FL
26903,32600,FL
9366,30900,FL
25560,26200,FL
34464,25300,FL
34364,44400,FL
14722,26700,FL
20426,31700,FL
15291,32100,FL
27081,42200,FL
31231,35800,FL
22756,31300,FL
15224,36300,FL
13137,31900,GA
43133,39400,GA
15613,22700,GA
15618,22700,GA
16889,22000,GA
10430,31700,GA
16044,32700,GA
24822,26400,GA
17519,39400,GA
36137,31600,GA
12312,21900,GA
29444,28800,GA
14358,26700,GA
31950,33700,GA
11098,22400,GA
14449,34300,GA
9813,24200,GA
31428,24400,GA
37255,37700,GA
11105,26800,GA
31349,42600,GA
28101,34700,GA
17964,27600,GA
11739,28000,GA
10179,27800,GA
17222,38500,GA
12135,26000,GA
16041,36100,GA
10448,25700,GA
35756,39800,GA
9501,30400,GA
31100,46500,GA
32978,29800,GA
11859,29700,GA
21067,32900,GA
53556,59000,GA
10190,34100,GA
18686,28900,GA
19793,74000,GA
16538,36400,GA
12341,31400,GA
21175,38500,GA
10800,31300,GA
20604,39300,GA
21965,41500,GA
19628,46500,GA
12902,29900,GA
12035,25100,GA
18802,29100,GA
25812,26400,GA
15325,33600,GA
6134,25000,GA
19128,41300,GA
34938,38100,GA
9451,25800,GA
26179,32200,GA
8029,21300,GA
10335,33400,GA
12090,28400,GA
23360,42300,GA
43261,46600,GA
11474,31400,GA
41188,40900,GA
14986,21900,GA
15538,42400,GA
12591,21200,GA
40262,43900,GA
21012,25900,GA
28968,38800,GA
34565,47900,GA
28866,35400,GA
10101,25800,GA
45153,35400,GA
15156,30800,GA
28385,43000,GA
12372,32700,GA
9945,23300,GA
26981,51800,GA
37974,46400,GA
15954,52400,GA
9632,25200,GA
20670,37400,GA
27592,26400,GA
24762,32400,GA
9468,24100,GA
19616,38000,GA
11796,29500,GA
28400,37100,GA
16725,36900,GA
29706,34100,GA
23378,37400,HI
29111,37300,HI
13886,34500,HI
17273,44300,HI
27416,43400,HI
8154,31200,HI
8093,33300,HI
8757,31900,HI
6698,29700,HI
10880,28900,HI
9125,42300,HI
11113,32200,HI
15334,35300,ID
13988,28400,ID
16501,35400,ID
18700,39900,ID
31728,38900,ID
17344,32700,ID
26808,38400,ID
11423,29000,ID
31103,36500,ID
12761,39000,ID
10209,26900,ID
30505,26700,IL
54078,31700,IL
42616,49600,IL
29591,41500,IL
10376,26000,IL
10285,29000,IL
20656,38000,IL
36700,52400,IL
9015,28800,IL
18738,34200,IL
57590,62800,IL
13214,22500,IL
11935,23700,IL
11966,23700,IL
11113,27100,IL
9407,29000,IL
9350,24900,IL
8709,31500,IL
37162,32700,IL
32920,41500,IL
30543,32800,IL
10101,24700,IL
41862,50900,IL
30771,46500,IL
10827,35000,IL
27489,22300,IL
20941,41200,IL
9487,31300,IL
37698,48100,IL
26652,37300,IL
24259,35300,IL
31730,37700,IL
32705,35000,IL
33568,17600,IL
9564,25900,IL
22378,51600,IL
32211,51000,IL
26538,56600,IL
44802,54600,IL
9854,32000,IL
32795,37700,IL
6143,28200,IL
43917,68200,IL
25924,38200,IL
24270,45100,IL
10689,28600,IL
25699,25200,IL
7712,25400,IL
11738,27800,IL
8698,29600,IL
35329,37000,IL
10714,27900,IL
9406,24600,IL
38046,40500,IL
11870,32200,IL
41565,41600,IL
8577,31200,IL
46781,48100,IL
9608,27700,IL
10370,24900,IL
32075,47100,IL
22502,29300,IL
32547,29200,IL
11876,29800,IL
46134,50600,IL
23185,28400,IL
28006,36700,IL
7419,28400,IL
33808,42500,IL
24950,25900,IL
38916,42900,IL
36790,40700,IL
10441,33000,IL
22190,44200,IL
8563,31200,IL
26957,43700,IL
37965,45700,IL
30760,41400,IL
25012,43900,IL
27744,29700,IL
56406,64100,IL
21129,36000,IL
8991,38500,IL
35347,37700,IL
9873,31000,IL
9562,26200,IL
34507,38500,IL
22433,28400,IL
37146,34900,IL
10501,26200,IL
9737,26900,IL
28698,33200,IL
9204,30900,IL
21792,22800,IL
34700,39100,IL
40600,44600,IL
34345,44400,IL
32139,44600,IL
34296,45300,IL
20661,41800,IL
11568,27700,IL
11937,22000,IL
15340,24600,IL
10318,26400,IL
14675,27600,IL
22319,41500,IL
23358,39800,IL
23368,20500,IL
8973,26500,IL
33793,41400,IL
34600,38200,IL
8793,33000,IL
8868,30800,IL
22485,41100,IL
38430,42600,IL
10898,34600,IL
22456,29200,IN
35507,35900,IN
19655,39000,IN
31248,36500,IN
43838,52400,IN
18743,37200,IN
14518,23300,IN
46135,47800,IN
46444,32300,IN
39474,40000,IN
35150,41000,IN
34273,36300,IN
30774,33200,IN
38200,44400,IN
31172,36300,IN
31510,35500,IN
15847,24100,IN
15174,28400,IN
15300,27400,IN
15458,26500,IN
15785,22100,IN
15538,29000,IN
15854,25300,IN
15119,30400,IN
15363,25500,IN
15121,26900,IN
16023,24800,IN
15352,25700,IN
14467,26700,IN
19216,35900,IN
19956,39100,IN
22078,24700,IN
21246,24700,IN
21931,24700,IN
21933,24700,IN
21844,24700,IN
20369,24700,IN
33799,41600,IN
34380,41100,IN
17069,35500,IN
19133,36000,IN
15643,33600,IN
16025,33800,IN
20990,45300,IN
17830,35900,IN
16486,34000,IN
14166,29100,IN
24528,27200,IN
27352,27200,IN
25772,38400,TN
25985,38400,IN
27535,38400,IN
27901,25200,IN
27797,25200,IN
34797,38000,IN
36632,40400,IN
31339,46000,IN
21250,22300,IN
28404,25200,IN
12386,35400,IN
53239,69400,IN
23272,33700,IN
14367,38100,IN
13124,35200,IN
51427,78900,IN
30243,40000,IN
34431,39800,IN
36450,30200,IN
43200,45600,IN
31741,41800,IN
36084,38600,IN
38945,42600,IN
39887,48100,IN
14780,32200,IN
41400,49900,IN
27651,52400,IA
20374,37200,IA
33892,38600,IA
36270,38100,IA
38962,41200,IA
34279,40900,IA
41750,43800,IA
42820,41900,IA
13367,34500,IA
33854,38400,IA
39550,55700,IA
30500,36900,IA
14397,32000,IA
19706,27400,IA
13019,30000,IA
23116,28100,IA
31902,36600,IA
29512,39200,IA
49062,45600,IA
19670,34400,IA
30068,34400,IA
18213,35800,IA
14263,34400,IA
14287,31500,IA
11544,32700,IA
13421,29700,IA
18834,47200,IA
33428,34100,IA
12432,34100,IA
20353,48700,IA
14595,33600,IA
35335,41200,IA
42707,42500,IA
13134,30400,IA
23694,44300,IA
34038,35600,IA
34300,43200,IA
23329,37500,IA
10471,32400,IA
18554,41700,IA
35452,36200,IA
14098,31000,IA
13747,38400,IA
22164,39700,IA
35945,44800,IA
24706,43200,IA
37772,45800,IA
10230,26600,IA
10533,30800,IA
32604,40300,IA
28718,36400,IA
39312,43200,IA
9871,29800,IA
29974,41200,IA
9338,29300,KS
34990,48900,KS
12321,30900,KS
34602,37800,KS
30700,38500,KS
31614,37400,KS
27971,26300,KS
30144,26300,KS
31581,29900,KS
10596,31400,KS
26826,31100,KS
9508,30500,KS
8035,29800,KS
10992,31700,KS
10496,30900,KS
10426,31400,KS
17526,23000,KS
14642,35900,KS
18258,27800,KS
14423,37400,KS
23790,26800,KS
29922,41800,KS
8995,26900,KS
7377,32100,KS
7760,23200,KS
31264,35400,KS
8061,33200,KS
10896,31700,KS
8755,24500,KS
13018,34900,KS
18565,30700,KS
20505,44600,KS
31023,41900,KS
18887,43300,KS
32000,36600,KS
8631,30600,KS
13891,36400,KS
24344,30900,KS
31942,35500,KS
30424,39100,KS
11672,31200,KS
13509,36800,KS
31296,40700,KS
14001,38200,KS
9889,31400,KS
29683,39900,KS
8873,28500,KS
9164,30300,KS
33209,44200,KS
28180,32100,KS
34100,34400,KS
16885,37900,KS
11259,27500,KS
13835,39300,KS
18082,33400,KY
31705,34100,KY
10609,24000,KY
44004,44900,KY
8986,34400,KY
11845,29200,KY
26543,36800,KY
28498,32100,KY
11375,22600,KY
43158,45000,KY
13247,27000,KY
28880,33300,KY
17498,33100,KY
10728,27200,KY
38560,43000,KY
10785,21600,KY
11398,24600,KY
10978,26600,KY
32495,23900,KY
10864,26200,KY
22466,20600,KY
16732,26600,KY
27767,36600,KY
20582,41500,KY
26401,28000,KY
30622,28000,KY
31860,33300,KY
19509,37700,KY
10536,26800,KY
11340,22300,KY
32950,38300,KY
25318,36600,KY
15075,31800,KY
16018,35500,KY
11151,26300,KY
13479,36100,KY
36979,22100,KY
10473,27200,KY
29591,30400,KY
10652,23000,KY
28769,25200,KY
29773,31100,KY
28892,25200,KY
11382,25800,KY
10569,22100,KY
28210,40000,KY
27159,30900,KY
26866,30300,KY
35276,45800,KY
36827,41100,KY
28429,32500,KY
16790,34600,KY
11818,27000,LA
11601,27000,LA
12274,29200,LA
34693,39300,LA
11908,28200,LA
24071,17200,LA
11370,27000,LA
23343,34000,LA
9055,24500,LA
17538,28300,LA
12648,30500,LA
17596,45900,LA
10094,31500,LA
13282,36700,LA
10349,27000,LA
21722,39600,LA
15103,41100,LA
42762,41300,LA
12959,36800,LA
14982,38400,LA
13350,35000,LA
14720,35700,LA
11523,27000,LA
14981,35000,LA
23026,39100,LA
16978,44200,LA
12725,28700,LA
25358,22500,LA
12496,27300,LA
13843,35400,LA
15613,31600,LA
13433,29000,LA
13005,22500,LA
11128,37900,LA
10127,27000,LA
53860,52400,LA
25511,46500,LA
10619,27000,LA
18734,34400,ME
44310,27000,ME
55350,53500,ME
54950,54800,ME
12415,33300,ME
53590,53000,ME
12620,30900,ME
22603,37100,ME
13868,29100,ME
13104,26400,ME
19104,33200,ME
16181,31200,ME
16686,27000,ME
21589,38700,ME
21995,74700,ME
15925,27200,ME
43979,44800,ME
13419,29800,ME
40719,23700,ME
39971,37900,ME
13757,37300,ME
23555,36500,ME
32651,36600,ME
31948,36100,ME
10697,26100,ME
14157,30900,MD
15444,38800,MD
10943,29000,MD
23537,58000,MD
18770,47000,MD
29500,58900,MD
8574,31400,MD
11851,37100,MD
14624,27500,MD
27597,46800,MD
15476,37600,MD
8508,32800,MD
17948,43600,MD
10798,27300,MD
47908,45500,MD
34019,34400,MD
10118,31800,MD
7906,34100,MD
41228,43100,MD
13684,37500,MD
55390,69200,MD
52474,62100,MD
16431,50700,MD
21105,53500,MD
21785,59100,MD
48051,31400,MD
19363,37800,MD
10139,40500,MD
20688,39700,MD
42063,50300,MD
38950,48800,MD
8434,40900,MD
18957,47300,MD
27216,48200,MD
24720,34100,MD
53556,34300,MD
20792,49500,MD
34735,51400,MD
26318,26300,MD
48111,48300,MD
42535,44600,MD
12323,27200,MD
39729,42400,MA
54322,56800,MA
39514,42400,MA
43396,52800,MA
54666,85500,MA
35711,41900,MA
29890,32400,MA
39613,35800,MA
51306,74900,MA
51908,30300,MA
12224,28700,MA
32111,41600,MA
54595,67000,MA
55913,27500,MA
54836,60600,MA
53957,58800,MA
18425,41500,MA
8648,27900,MA
11903,33000,MA
27753,36500,MA
12326,26900,MA
38088,56700,MA
44962,44100,MA
43474,43600,MA
42861,32700,MA
35575,44400,MA
46710,44800,MA
45642,42400,MA
41383,42800,MA
37395,28200,MA
16108,42100,MA
18944,43200,MA
19902,39800,MA
39758,41600,MA
14513,27100,MA
53456,30800,MA
53950,87200,MA
52432,63700,MA
14510,29100,MA
20428,30800,MA
40837,40900,MA
35160,66100,MA
44258,36700,MA
19608,48900,MA
23666,34600,MA
23131,49600,MA
18388,45800,MA
15144,37300,MA
40719,116400,MA
23381,34000,MA
53210,91600,MA
24262,79500,MA
11270,30600,MA
42447,55400,MA
8091,33400,MA
34601,25100,MA
53936,44100,MA
39665,34700,MA
11461,29500,MA
48941,31600,MA
50345,29500,MA
43256,29300,MA
37572,38300,MA
41028,47100,MA
18374,36400,MA
11941,29200,MA
39257,34900,MA
52117,60100,MA
10732,29300,MA
37327,43700,MA
35355,34700,MA
16633,38400,MA
12740,32300,MA
44381,43300,MA
5102,32800,MA
19496,40400,MA
49244,51400,MA
54677,38200,MA
54212,42700,MA
42905,45100,MA
12867,30200,MA
21918,44800,MA
47275,58800,MA
43520,49900,MA
55000,67800,MA
54000,56700,MA
38140,54600,MA
42517,55100,MA
18035,43300,MA
53264,46400,MA
41775,36400,MA
54921,58100,MA
52111,77600,MA
17217,43700,MA
36122,36500,MI
41528,45100,MI
38602,44700,MI
7154,27700,MI
30636,36000,MI
31433,38100,MI
17730,26500,MI
17900,26500,MI
10850,27800,MI
36470,40900,MI
16547,29800,MI
20022,40000,MI
9940,24900,MI
25406,50500,MI
31639,39000,MI
42860,40600,MI
24558,29900,MI
8796,28100,MI
18671,41600,MI
42557,42200,MI
29283,22800,MI
26530,22800,MI
18383,37300,MI
20845,40300,MI
9932,24900,MI
44254,74900,MI
11380,26700,MI
31419,35600,MI
7440,28200,MI
19873,39100,MI
23187,29100,MI
8026,29200,MI
36960,43300,MI
26549,38400,MI
10093,29100,MI
44988,49400,MI
9854,28700,MI
9119,28800,MI
8441,25400,MI
12845,24600,MI
18652,35700,MI
10265,29600,MI
36280,53700,MI
9415,30000,MI
21093,36500,MI
24700,26800,MI
24138,34500,MI
24065,57900,MI
21403,49800,MI
24119,60100,MI
14232,47400,MI
14812,40100,MI
8517,27400,MI
7255,26400,MI
12544,27300,MI
18185,26500,MI
7475,25800,MI
5506,25100,MI
16934,34800,MI
11350,28200,MI
30207,44600,MI
8903,29600,MI
17405,42600,MI
29197,34100,MI
25575,29000,MI
16353,37800,MI
8061,31000,MI
28375,38100,MI
9734,29300,MI
11849,25000,MI
29998,40400,MI
20625,14600,MI
27418,26600,MI
10558,27200,MI
9648,24000,MI
17388,41500,MI
5974,24300,MI
21026,42700,MI
23206,38300,MN
18141,35600,MN
18637,37200,MN
15086,36500,MN
38672,44800,MN
13464,32000,MN
16749,37300,MN
30384,34000,MN
39113,44000,MN
14383,32000,MN
54265,46100,MN
36590,41200,MN
36443,45300,MN
18208,34400,MN
19450,40400,MN
16851,34000,MN
27060,25500,MN
14906,32900,MN
30277,31100,MN
14270,32400,MN
43800,50100,MN
40152,46900,MN
17198,33900,MN
12530,34600,MN
19033,38400,MN
14434,30300,MN
34919,33000,MN
50984,45700,MN
14960,32300,MN
16086,42700,MN
25408,38200,MN
18606,43600,MN
22404,47800,MN
19744,39900,MN
18180,35100,MN
41369,31400,MN
18380,32800,MN
23750,42300,MN
24926,27900,MN
21200,43300,MN
21646,38800,MN
31550,35700,MN
16339,37000,MN
19683,36600,MN
23092,37800,MN
27861,33700,MN
17491,37000,MN
25601,29600,MN
12783,34500,MN
29820,43200,MN
35244,35300,MN
18942,42500,MN
24743,25500,MN
15612,26900,MN
12100,27200,MN
18360,35000,MN
43198,47600,MN
12005,35600,MN
16426,40800,MN
41920,55900,MN
35622,41600,MN
47200,44800,MN
32833,31600,MN
38736,47500,MN
43739,54300,MN
32078,30400,MN
40754,45300,MN
24645,31300,MN
14417,31500,MN
17876,35600,MN
13771,31600,MN
27227,46400,MN
12579,32300,MN
17948,32800,MN
19399,41900,MN
16765,35000,MN
16724,30600,MS
31485,37900,MS
16153,31300,MS
5862,20700,MS
25539,22700,MS
7934,25700,MS
15776,33800,MS
9206,27200,MS
8197,25700,MS
10734,25400,MS
10294,28300,MS
11992,27200,MS
17971,29500,MS
9880,26700,MS
10863,24200,MS
40205,45200,MS
7946,23900,MS
19210,40600,MS
13843,34800,MS
15360,22400,MS
24086,38200,MS
10632,28400,MS
19198,39600,MS
11294,29300,MS
7208,26900,MS
5143,28100,MS
13384,22900,MS
10215,25600,MS
17614,36200,MS
19298,29500,MS
23021,34100,MS
32856,41600,MO
25749,38400,MO
15560,29500,MO
24258,43800,MO
17400,30600,MO
27493,28100,MO
19220,28700,MO
29680,33400,MO
16405,36600,MO
36280,37800,KS
18097,37600,MO
23063,27400,MO
9353,26500,MO
33124,36100,MO
29905,46500,MO
29481,32200,MO
10197,26700,MO
24290,32000,MO
31820,34000,MO
31704,40200,MO
11204,27500,MO
25266,33900,MO
14207,27900,MO
25316,30500,MO
10079,28900,MO
43975,25800,MO
13760,30300,MO
35882,39700,MO
13780,36400,MO
5006,29400,MO
20463,46900,MO
5279,29400,MO
35306,44500,MO
15931,21500,MO
11031,25800,MO
27532,32400,IL
33354,33100,MO
20683,24600,MO
13151,32800,MO
21086,37300,MO
27813,33400,MO
15791,32400,MO
21288,46000,MO
24715,43100,MO
21230,65500,MO
23900,40400,MO
10106,27800,MO
18472,42700,MO
16288,38900,MO
17521,28200,MO
25236,31700,MO
18934,43900,MO
22464,26200,MO
6049,29400,MO
22491,46500,MO
39863,47600,MO
15314,23000,MO
49386,55200,MO
23254,29300,MO
26266,29700,MO
36463,111600,MO
11516,27800,MO
26379,32800,MO
15470,25400,MO
25784,21900,MO
9399,29200,MO
39130,30700,MO
15659,36000,MO
17250,37200,MO
11284,26400,MO
11520,27700,MO
56930,62300,MO
34832,39400,MO
30043,26600,MO
31020,41500,MO
40721,40300,MO
31400,34200,MO
14002,15800,MT
13876,39800,MT
35035,44000,MT
11606,30800,MT
6181,16800,MT
14849,32500,MT
12586,25000,MT
12466,20300,MT
11190,16300,MT
12216,26600,MT
34409,31000,MT
13879,31000,MT
12234,11800,MT
9620,27200,MT
17136,39800,MT
17627,39700,MT
18600,34100,MT
16446,35300,MT
31778,38200,MT
11703,24100,MT
14275,31700,MT
9495,52200,NE
22552,48100,NE
22995,50500,NE
9423,28000,NE
13851,37500,NE
30935,36600,NE
43622,57800,NE
31930,42300,NE
25045,33400,NE
32766,40400,NE
17384,38800,NE
28759,34400,NE
21156,43900,NE
10722,28300,NE
9113,29400,NE
32754,40100,NE
21550,23800,NE
15359,41800,NE
29677,34400,NE
9319,17400,NE
34174,45500,NE
18698,43800,NE
10587,33000,NE
13467,35800,NE
34906,35800,NE
8343,35200,NE
29488,33300,NE
22153,33300,NE
14622,43800,NE
13944,36400,NE
10517,26500,NE
24678,32300,NE
10090,31900,NV
33457,25200,NV
31587,24800,NV
14825,43500,NV
19159,45500,NV
11238,32000,NV
29211,45400,NV
39515,42500,NV
12305,32500,NV
11525,28400,NV
46718,38600,NH
28490,51900,NH
55386,67100,NH
42100,38000,NH
28279,30900,NH
41237,35600,NH
38828,41800,NH
26606,47300,NH
20802,39900,NH
18700,47300,NH
21476,37700,NH
22070,37700,NH
20202,31000,NH
14918,33300,NH
15223,34500,NH
35476,42800,NH
45209,55300,NH
28132,41400,NH
14504,32100,NH
28777,24900,NH
14568,28800,NJ
11379,35500,NJ
31399,36600,NJ
33802,39000,NJ
11103,32900,NJ
11349,34600,NJ
34943,46200,NJ
10204,31900,NJ
38624,41600,NJ
33813,33600,NJ
10065,40200,NJ
12593,31600,NJ
27803,46500,NJ
53260,50900,NJ
8553,31000,NJ
40049,46800,NJ
38499,41400,NJ
46831,46800,NJ
36153,45700,NJ
24586,48800,NJ
9994,34200,NJ
31676,34800,NJ
28074,66400,NJ
12515,28500,NJ
16714,41900,NJ
23725,46800,NJ
8017,33700,NJ
10091,36200,NJ
38879,50300,NJ
21105,48700,NJ
31974,66900,NJ
25377,65300,NJ
11897,31700,NJ
11611,26700,NJ
52715,75100,NJ
21000,25800,NJ
25998,48700,NJ
44954,48100,NJ
18138,54800,NJ
26511,54800,NJ
22424,54800,NJ
38367,44500,NJ
9366,25800,NJ
45939,53300,NJ
39926,44900,NJ
8161,38300,NJ
53661,82800,NJ
27008,46800,NJ
26874,56800,NJ
12013,32300,NJ
20346,44300,NJ
14388,30200,NM
10770,19400,NM
7582,33800,NM
12170,25800,NM
13945,30200,NM
11378,30200,NM
14169,21300,NM
15668,35100,NM
11880,28100,NM
12506,39100,NM
11114,35900,NM
15815,52800,NM
11589,35900,NM
15722,35900,NM
7118,33800,NM
6516,33800,NM
7390,33800,NM
16822,33800,NM
10948,35900,NM
9658,27400,NM
11195,30700,NM
14454,30700,NM
42447,36200,NM
21290,40600,NM
13497,20500,NM
14279,35900,NM
16227,18200,NM
14019,31200,NM
30054,50000,NY
38892,50600,NY
9514,32300,NY
27146,29100,NY
21504,22300,NY
37807,110600,NY
39737,42300,NY
39284,30200,NY
18595,36400,NY
40723,25300,NY
18310,11300,NY
56180,35700,NY
55789,57400,NY
31382,39100,NY
24725,29900,NY
17256,28800,NY
26042,39000,NY
8888,31000,NY
21468,22300,NY
21537,22300,NY
22847,22300,NY
21974,22300,NY
21887,22300,NY
29874,28300,NY
40095,45700,NY
37190,88700,NY
11054,30400,NY
38306,31900,NY
21477,22200,NY
49466,68400,NY
10688,29500,NY
54030,61500,NY
28666,37300,NY
56681,72900,NY
9431,31700,NY
34941,45300,NY
52069,53700,NY
54667,70900,NY
9780,31000,NY
14814,58500,NY
43940,41600,NY
13407,54000,NY
11793,34900,NY
12211,31900,NY
12210,44500,NY
12567,41600,NY
13007,44500,NY
11487,29800,NY
12774,44800,NY
11599,43700,NY
11144,35300,NY
11340,33000,NY
11725,41500,NY
13300,35900,NY
12368,37700,NY
12104,48000,NY
11162,35900,NY
12793,38200,NY
30997,48300,NY
29951,42900,NY
33563,51000,NY
33313,43000,NY
8343,31600,NY
22092,22700,NY
48550,43600,NY
8725,31800,NY
16052,44100,NY
13411,29800,NY
29939,33800,NY
52775,55400,NY
12252,28500,NY
11241,29700,NY
24593,13800,NY
22719,13800,NY
53560,57300,NY
45259,46100,NY
12575,30300,NY
24676,39000,NY
54168,48600,NY
45399,53200,NY
36527,39200,NY
13432,36200,NY
13110,42400,NY
40877,52700,NY
25465,41300,NY
48779,50400,NY
12465,29300,NY
18431,23200,NY
9419,30100,NY
48670,30100,NY
18940,34100,NY
38193,43300,NY
41227,48900,NY
40500,48800,NY
39005,46000,NY
41084,46000,NY
19460,17600,NY
25367,30200,NY
38593,63600,NY
49895,22700,NY
48383,46300,NY
16814,40600,NY
43066,54400,NY
40784,39500,NY
30068,38200,NY
27586,38000,NY
21499,22100,NY
10948,14100,NY
12328,30300,NY
31864,57500,NY
20956,27700,NY
21079,27700,NY
10768,31200,NY
35877,47600,NY
34741,51900,NY
11110,36800,NY
38545,43900,NY
40812,37400,NY
53003,39400,NY
55412,58800,NY
8225,31000,NY
36942,44000,NY
13094,27000,NY
36052,49400,NY
32438,37200,NY
32076,38100,NY
15319,22000,NY
12987,32100,NY
10013,32700,NY
44716,58400,NY
37875,32200,NY
17879,23400,NY
45230,73500,NY
23226,28300,NY
50827,38200,NY
25208,18400,NY
12073,14600,NY
54035,81700,NY
35869,41900,NY
22436,23400,NY
42504,56900,NY
54730,55500,NY
12050,36100,NY
40081,39300,NY
38565,45200,NY
22986,49000,NY
25686,59000,NY
53420,45500,NY
36489,42700,NY
33698,48000,NY
14399,47800,NY
57743,39700,NY
9372,29700,NY
40220,55100,NY
54970,43100,NY
22563,51800,NY
21730,55800,NY
36396,44800,NY
45717,54100,NY
25442,34500,NY
13396,29600,NY
19558,35300,NY
17648,31100,NY
18772,34600,NY
21140,34800,NY
12149,45600,NY
19888,31300,NY
19774,50900,NY
19988,58400,NY
18531,49700,NY
18807,55500,NY
20297,44600,NY
18124,47900,NY
18243,40100,NY
15898,38900,NY
20065,45300,NY
18759,40600,NY
19737,46700,NY
19576,46000,NY
18625,42400,NY
19625,40700,NY
18709,38000,NY
20892,34700,NY
15518,42900,NY
17803,40600,NY
17054,39400,NY
19952,77300,NY
17565,32200,NY
51960,56600,NY
18463,18700,NY
21157,33400,NY
13268,29900,NY
24182,29400,NY
18468,36100,NY
9460,30600,NY
53950,61800,NY
13006,13400,NY
7281,89000,NY
40171,44700,NY
19407,25700,NY
55420,47100,NY
19303,27600,NY
46156,40100,NY
44995,53800,NY
44780,33600,NY
34464,38700,NY
10444,38300,NY
24484,33800,NY
14348,27800,NY
13201,13700,NY
48435,55600,NY
11646,13500,NY
11178,23100,NC
31741,28200,NC
11561,20700,NC
15416,36600,NC
14819,27400,NC
32934,36500,NC
11694,23900,NC
38780,39200,NC
27319,29400,NC
10031,23700,NC
10927,23800,NC
32529,31100,NC
10594,22000,NC
18990,43600,NC
17428,24500,NC
36738,42900,NC
13220,26500,NC
11871,23200,NC
36893,36600,NC
10033,26700,NC
30909,22300,NC
14556,24400,NC
12152,28100,NC
28680,35400,NC
4834,23100,NC
13376,27300,NC
11971,29100,NC
14972,24400,NC
49804,58500,NC
55150,76700,NC
10138,29200,NC
16897,39200,NC
11001,23100,NC
9917,30100,NC
38975,44500,NC
12560,27700,NC
11587,31100,NC
9260,25700,NC
31318,36800,NC
14242,25700,NC
35315,35100,NC
40320,38500,NC
16068,28800,NC
9398,21500,NC
12732,22600,NC
2200,37500,NC
10607,24200,NC
7853,23100,NC
19589,28300,NC
28074,31300,NC
12639,25800,NC
34508,34400,NC
10375,23600,NC
36704,36900,NC
24000,26100,NC
24380,27700,NC
33495,32800,NC
10478,21800,NC
14318,22900,NC
13458,26000,NC
35819,38400,NC
41399,39600,NC
20935,22800,NC
13747,26200,NC
11851,23600,NC
33289,40800,NC
27682,39200,NC
8957,25700,NC
14306,33600,NC
15617,36000,NC
20208,50400,NC
16199,41700,NC
15256,37000,NC
16143,31600,NC
17925,30500,NC
18329,47500,NC
33440,35900,NC
16368,38700,NC
8875,22000,NC
38030,35900,NC
14134,33400,NC
31115,37500,NC
20810,30700,NC
10756,23700,NC
8844,26000,NC
35960,38600,NC
11007,26700,NC
10270,22500,NC
24142,27600,NC
6269,21200,NC
12271,21000,NC
11027,26300,NC
6748,24000,NC
29846,28200,NC
37631,33200,NC
11356,24200,NC
12310,23000,NC
24269,27400,NC
36257,35800,NC
10650,24400,NC
14237,23400,NC
16227,25900,NC
11248,26800,NC
13549,26500,NC
10510,21700,NC
10613,24900,NC
54135,61000,NC
12657,31300,NC
37572,25500,NC
6640,26500,NC
10416,25900,NC
8018,24300,NC
11462,23000,NC
32240,37000,NC
14984,33300,NC
16056,35100,NC
23298,31300,ND
11392,38100,ND
13052,37000,ND
13096,20600,ND
26116,38600,ND
11637,34800,ND
10776,19400,ND
21364,45700,ND
14715,34000,ND
16151,37200,ND
16468,46600,ND
13076,41400,ND
12155,31800,ND
17821,46300,ND
11946,33300,ND
9330,11600,ND
23487,26800,ND
11339,22400,ND
9066,15700,ND
15299,36700,ND
16348,24900,OH
20088,23900,OH
20176,42300,OH
20175,34800,OH
15010,34800,OH
22813,22700,OH
29619,27900,OH
40259,39200,OH
19970,56700,OH
35187,44000,OH
12437,25700,OH
36423,38300,OH
20639,22100,OH
14989,39000,OH
21798,39000,OH
22387,22300,OH
40054,41400,OH
52073,67000,OH
30820,40900,OH
13966,31800,OH
16288,24900,OH
15027,20900,OH
18332,30900,OH
20180,46200,OH
24220,31000,OH
29202,45700,OH
24865,39400,OH
16212,29700,OH
16766,39400,OH
16542,39400,OH
29917,32800,OH
8054,26600,OH
47981,32700,OH
55439,31100,OH
19270,39300,OH
6794,19500,OH
26473,25000,OH
38962,32800,OH
9215,31300,OH
9689,27600,OH
22892,24000,OH
41090,52300,OH
35549,37000,OH
49410,48600,OH
29066,46500,OH
17685,37800,OH
10923,27200,OH
22641,22300,OH
36454,40600,OH
25955,48300,OH
14332,26300,OH
21737,44000,OH
33473,38000,OH
39590,39000,OH
12050,28800,OH
25898,23500,OH
26851,38400,OH
7175,23300,OH
42000,51000,OH
15105,36600,OH
15062,36600,OH
12685,36600,OH
15166,36600,OH
14679,36600,OH
14306,36600,OH
23200,36600,OH
12818,36600,OH
53280,43700,OH
20375,57200,OH
38288,33400,OH
10445,31900,OH
13256,31200,OH
22725,23300,OH
21378,23300,OH
7285,28700,OH
22508,36000,OH
32177,38500,OH
39156,42600,OH
11373,29600,OH
21737,42100,OH
15744,45800,OH
16254,45800,OH
29082,45800,OH
21222,31500,OH
20814,57700,OH
35227,40800,OH
31455,39100,OH
30315,39900,OH
12180,26600,OH
30775,39400,OH
28783,22100,OH
28179,25200,OH
8869,26800,OH
14110,29800,OH
34896,39200,OH
24387,35800,OH
55095,38400,OH
25618,25200,OH
36457,39500,OH
45891,54300,OH
20716,42600,OH
16274,42600,OH
16983,42600,OH
15977,42600,OH
18598,42600,OH
25337,42600,OH
14164,39500,OH
14045,39500,OH
14066,39500,OH
13611,39500,OH
24069,39500,OH
12806,39500,OH
17225,19000,OH
9116,46300,OH
48998,41000,OH
38788,41200,OH
10904,29500,OH
27528,25100,OH
23681,25200,OH
29314,31800,OH
38642,22200,OH
19462,32200,OH
7172,27000,OH
17570,16200,OH
29299,20900,OH
28981,20900,OH
28856,20900,OH
29299,20900,OH
28079,25200,OH
28303,25200,OH
21844,16100,OH
25174,16100,OH
25214,16100,OH
25966,16100,OH
16015,30400,OH
20469,29700,OH
30680,35500,OH
10026,27400,OH
11440,28400,OH
17092,16100,OH
30930,38200,OH
20095,40200,OH
26124,19100,OH
24840,39300,OH
30618,37500,OH
33933,42900,OH
24722,27700,OH
33216,41800,OH
11100,27000,OH
22770,32200,OH
35377,39000,OH
47956,42700,OH
47570,44400,OH
21705,38800,OH
14908,38800,OH
42470,48800,OH
25722,38400,OH
16623,34800,OH
23700,30600,OK
29036,44000,OK
29582,45800,OK
12671,33900,OK
9068,25900,OK
16459,38400,OK
15595,29800,OK
13399,34500,OK
7734,29800,OK
10916,33000,OK
21826,33400,OK
15246,28400,OK
13190,30500,OK
24361,37900,OK
11967,35000,OK
10074,30400,OK
10542,28600,OK
12031,36100,OK
26713,35600,OK
10186,34400,OK
20016,43400,OK
10850,34400,OK
27338,35300,OK
11988,33000,OK
40050,39400,OK
21954,46600,OK
10039,33000,OK
32924,34900,OK
15385,32600,OK
13645,31400,OK
29331,38200,OK
13266,30700,OK
15467,28000,OK
14159,34300,OK
20500,28200,OK
15136,37000,OK
10214,31200,OK
41449,43200,OK
12059,31100,OK
33043,33000,OR
12661,28800,OR
13121,29500,OR
12503,29700,OR
7155,33800,OR
11542,23900,OR
33007,41800,OR
17841,37800,OR
19745,23200,OR
39280,43300,OR
26660,38400,OR
12794,28100,OR
49228,43400,OR
41214,51300,OR
11609,31500,OR
26734,33300,OR
11342,33100,OR
26234,31400,OR
32238,38500,OR
17932,50100,OR
20459,46400,OR
20343,41600,OR
38355,22600,OR
42816,42300,OR
12172,33100,OR
18711,42800,OR
46143,51700,OR
53700,36200,OR
12359,24800,OR
23969,29400,OR
18153,37300,OR
11717,27600,OR
12048,28800,OR
15293,27300,OR
28355,36100,OR
36200,34200,OR
28666,24900,OR
48301,49200,OR
19884,38500,OR
43469,48500,PA
9496,30100,PA
46320,49200,PA
42271,48300,PA
38448,42600,PA
32140,28300,PA
34022,31300,PA
38197,31700,PA
36400,29200,PA
27852,30000,PA
10324,33700,PA
44869,43700,PA
20188,43800,PA
25946,25600,PA
53780,50400,PA
55180,68800,PA
11687,35800,PA
7186,29900,PA
46477,42700,PA
20954,38100,PA
19743,22900,PA
33145,39900,PA
55286,72000,PA
38803,45200,PA
23931,32100,PA
40951,34300,PA
38977,43000,PA
19074,30000,PA
19005,37200,PA
22548,37800,PA
12529,35500,PA
41345,42200,PA
54450,52100,PA
32894,23000,PA
50611,61100,PA
15219,24200,PA
26285,18100,PA
38759,54300,PA
17305,42900,PA
37419,42800,PA
20512,33900,PA
42955,47700,PA
14669,23200,PA
16836,59900,PA
53710,54800,PA
35708,46200,PA
31231,37500,PA
51880,52200,PA
35233,52000,PA
32488,33700,PA
12646,34000,PA
55632,55600,PA
31333,18400,PA
28897,49900,PA
20080,34200,PA
43189,49000,PA
21086,38000,PA
15382,35500,PA
25546,35500,PA
43339,45200,PA
28108,31400,PA
38256,48900,PA
19361,41400,PA
32853,38700,PA
44226,53200,PA
18970,30600,PA
53774,69800,PA
27270,30400,PA
20297,36200,PA
42187,46100,PA
8005,31500,PA
18884,30300,PA
52454,76800,PA
20237,34900,PA
17782,39100,PA
9578,31300,PA
42993,42800,PA
11303,23200,PA
21215,38100,PA
19425,38100,PA
38972,38000,PA
20646,23300,PA
39274,38500,PA
38710,41400,PA
31304,20800,PA
18692,43200,PA
35297,47500,PA
11006,35500,PA
45714,30500,PA
43209,50000,PA
28396,36600,PA
49756,56000,PA
34349,41600,PA
17853,31500,PA
10646,32500,PA
14888,35400,PA
26927,47500,PA
19785,47500,PA
20667,47500,PA
19330,47500,PA
18645,47500,PA
18247,47500,PA
27760,47500,PA
22313,47500,PA
25948,47500,PA
25435,47500,PA
18652,47500,PA
22264,47500,PA
18626,47500,PA
25542,47500,PA
29684,47500,PA
24532,47500,PA
25174,47500,PA
18648,47500,PA
24782,47500,PA
18926,47500,PA
17141,28800,PA
20738,44700,PA
28054,23900,PA
38783,20900,PA
26565,27300,PA
55250,78200,PA
42904,48700,PA
48983,31100,PA
31680,32600,PA
46324,85800,PA
10364,30700,PA
22390,48200,PA
22044,48200,PA
22385,48200,PA
27864,48200,PA
20470,48200,PA
28965,54900,PA
25475,34400,PA
18912,31300,PA
34883,37900,PA
13442,30200,PA
22731,57600,PA
32666,30100,PA
34788,44900,PA
33613,33500,PA
40850,45800,PA
38093,46900,PA
50938,58500,PA
38248,44200,PA
48022,56000,PA
37860,35600,PA
24187,54000,PA
23239,49900,PA
14396,17600,PA
18962,45200,PA
19600,39000,PA
25739,29200,PA
44910,50000,PA
54153,49400,PA
12967,39000,PA
25642,46500,PA
36426,37200,PA
28220,25800,PA
25692,30800,PA
24719,35500,PA
24632,37700,PA
25301,35800,PA
52959,51500,PA
27391,28500,PA
41545,47700,PA
52762,73700,PA
20271,49900,PA
45183,49900,PA
27101,44700,PA
23296,46500,PA
12839,49500,PA
23198,23200,PA
39642,44400,PA
5490,29300,PA
46238,51700,PA
40300,49900,PA
21595,24400,PA
37961,32600,PA
24866,47900,PA
22180,24000,PA
54370,59700,RI
47780,61900,RI
37097,35100,RI
30740,38800,RI
52940,59600,RI
14496,39600,RI
10236,29100,RI
24130,48200,RI
55805,47300,RI
44744,47200,RI
45450,48300,RI
21305,25000,MA
11204,25300,SC
19831,19400,SC
33184,32800,SC
31050,36100,SC
10139,24900,SC
27620,21400,SC
29146,41300,SC
23932,39700,SC
11918,24500,SC
22949,52500,SC
25111,27500,SC
25060,49400,SC
10489,12600,SC
29313,32800,SC
25899,29600,SC
35874,31800,SC
37106,33400,SC
11926,16800,SC
41050,36000,SC
9880,25100,SC
22398,20600,SC
19405,32300,SC
50936,47500,SC
12362,28700,SC
11355,25100,SC
20249,33900,SC
32464,36100,SC
10811,28400,SC
19088,23200,SC
36009,33300,SC
27246,31200,SC
12126,23700,SC
12808,25300,SC
42552,41300,SC
17504,37000,SC
18638,32400,SC
22206,42100,SC
16562,28100,SC
19123,24600,SC
16456,32800,SC
17358,28500,SC
20489,36200,SC
23894,30400,SC
19326,36100,SC
23412,28700,SC
12066,24600,SC
12162,25500,SC
14259,26100,SC
10610,29100,SC
19876,26400,SC
13571,19300,SC
22998,36100,SC
43710,46800,SC
12846,25300,SC
33990,42600,SD
16680,34400,SD
21522,22200,SD
15813,37400,SD
29880,34100,SD
13322,35000,SD
11192,38000,SD
29880,32300,SD
20735,37800,SD
21643,37800,SD
15666,33200,SD
8996,20000,SD
23981,37100,SD
18062,52300,SD
16960,40600,SD
19867,21400,SD
32200,36900,SD
9930,20900,SD
13162,36000,SD
17426,39500,SD
16129,31000,SD
29195,44400,TN
17598,34700,TN
21770,54900,TN
38010,39100,TN
23255,35200,TN
28159,35500,TN
29881,35400,TN
12810,27700,TN
32330,45300,TN
10308,27300,TN
11888,28500,TN
29917,35000,TN
33279,39000,TN
28442,22500,TN
13443,27600,TN
20825,34000,TN
23472,25100,TN
31267,33800,TN
22811,31200,TN
28978,37000,TN
22467,25500,TN
15469,27200,TN
19026,29400,TN
34981,39700,TN
31676,22400,TN
15386,25000,TN
15383,28300,TN
22430,32400,TN
27616,37500,TN
27414,29100,TN
40743,36500,TN
36600,26700,TN
18665,37000,TN
21002,39000,TN
16682,36100,TN
32477,36400,TN
12200,26700,TN
9929,30100,TN
46456,50300,TN
13005,26400,TN
8603,24700,TN
48012,38200,TN
14735,26900,TN
27590,38500,TN
25181,35300,TN
18794,36500,TN
22061,42300,TN
16302,34800,TN
31092,37600,TN
15209,35800,TN
18848,37700,TN
23926,33300,TN
27635,39500,TN
12189,26100,TN
30646,40000,TN
37690,37400,TN
56634,60900,TN
12066,30100,TN
9810,26200,TN
35300,40200,TX
9717,33000,TX
9417,31300,TX
9779,26900,TX
17538,38000,TX
19443,34000,TX
28903,32900,TX
41171,47600,TX
11875,34700,TX
43495,49100,TX
9665,26300,TX
11724,36900,TX
27337,27200,TX
21742,28600,TX
9892,29900,TX
10009,37500,TX
12083,29000,TX
8778,33700,TX
9997,30400,TX
9966,29200,TX
32256,41000,TX
9167,32400,TX
17059,42400,TX
25957,30400,TX
29115,42200,TX
22988,42200,TX
29077,33200,TX
44780,45200,TX
10070,29100,TX
29395,46500,TX
26234,19400,TX
27655,36700,TX
9180,35800,TX
17997,37100,TX
10582,31800,TX
9907,28800,TX
9316,25500,TX
34579,29800,TX
10965,29500,TX
8340,30400,TX
11176,32200,TX
30646,38600,TX
10748,28500,TX
12864,28200,TX
32181,43600,TX
15888,32700,TX
16259,42800,TX
16220,39300,TX
20465,48300,TX
9598,29200,TX
29294,37300,TX
23652,30500,TX
31509,42700,TX
26011,38400,TX
26568,38400,TX
12772,23700,TX
22734,25800,TX
26040,25700,TX
8374,26500,TX
19800,38800,TX
7641,26600,TX
13525,27600,TX
9536,28300,TX
10812,45200,TX
9332,28600,TX
34110,50000,TX
24393,30200,TX
26968,36700,TX
13454,28400,TX
32500,41700,TX
11616,30500,TX
31389,37200,TX
10652,33500,TX
15158,38500,TX
24580,26800,TX
10341,30700,TX
13145,31100,TX
9225,32900,TX
11276,35900,TX
17852,42100,TX
9321,26500,TX
28708,44600,TX
9029,32000,TX
30473,39200,TX
11165,40500,TX
12619,29400,TX
9995,29400,TX
9672,26400,TX
18950,29500,TX
16821,33600,TX
10593,30300,TX
47871,59900,TX
10629,36200,TX
38081,44700,TX
10386,28800,TX
33738,48800,TX
17165,41400,TX
9250,30600,TX
11101,35600,TX
31111,36700,TX
34474,46300,TX
7558,30300,TX
52514,52200,TX
9687,26500,TX
27979,31600,TX
43080,47200,TX
19945,39700,TX
17988,43700,TX
25859,37900,TX
12499,22500,TX
15468,38000,TX
17289,40400,TX
9578,34300,TX
10894,31100,TX
11399,33500,TX
12470,27200,TX
18049,39700,TX
17009,52900,TX
20457,52900,TX
20082,46400,TX
23839,52800,TX
20743,49500,TX
14108,39800,TX
17866,41600,TX
43050,49100,TX
21032,23300,TX
32691,43600,TX
12983,42400,TX
17815,44100,TX
19915,31300,TX
18631,46100,TX
27335,39500,TX
15796,44800,TX
42326,53200,TX
14675,26900,TX
15934,30500,TX
11121,30400,TX
10601,29900,TX
11273,32500,TX
19295,40900,TX
10604,31600,TX
17218,40000,TX
11348,30400,TX
8250,34300,TX
19042,28000,TX
16050,57400,UT
14798,39400,HI
29880,27900,UT
11125,29300,UT
19271,34600,UT
22062,29700,UT
26597,38400,UT
13329,30400,UT
30228,23900,UT
11015,28600,UT
15262,37200,UT
33250,31700,UT
24110,31700,UT
14956,42400,UT
16621,43500,UT
11418,36200,UT
16797,49300,UT
11586,42400,UT
36655,45500,UT
56050,26500,VT
31174,28900,VT
19072,34600,VT
40229,40400,VT
9973,25400,VT
22833,25800,VT
40580,30600,VT
18165,32200,VT
18639,34100,VT
47740,25900,VT
55750,53400,VT
42309,45300,VT
45630,46300,VT
30451,36900,VT
29496,34800,VT
20820,44200,VT
26274,44000,VT
23865,35300,VA
32434,42300,VA
10874,31700,VA
30150,42800,VA
38416,42600,VA
23722,56400,VA
30337,41300,VA
8861,26300,VA
22741,42400,VA
21387,22300,VA
21737,22300,VA
29423,52300,VA
8974,27500,VA
10441,27700,VA
27614,24500,VA
37738,39600,VA
35450,39500,VA
9255,28000,VA
35100,36500,VA
19818,57000,VA
11476,32400,VA
42854,50200,VA
30285,42200,VA
41876,37000,VA
9747,30800,VA
20340,53400,VA
9282,33800,VA
23892,23000,VA
29160,36300,VA
22635,40800,VA
10598,31500,VA
39725,40900,VA
35606,36800,VA
19332,47400,VA
33926,49600,VA
9223,22400,VA
22518,22400,VA
9429,30000,VA
18499,34400,VA
12390,41700,VA
19088,43300,VA
10446,23400,VA
11223,23700,VA
15890,21000,VA
10035,29400,VA
18892,42100,VA
42434,45700,VA
41449,38700,VA
14508,26500,VA
28935,25600,VA
11980,32100,VA
20572,62200,VA
52413,60800,VA
43696,42500,VA
24202,28400,VA
38498,40600,VA
27050,28800,VA
12001,25300,VA
11256,24200,VA
31329,51700,VA
42944,38600,VA
10391,28700,VA
8830,29400,VA
17345,36500,VA
10072,24500,VA
39398,34000,VA
22459,57900,VA
10438,28900,VA
23018,41800,VA
22535,58600,VA
22135,56600,VA
17597,34400,VA
26055,31600,VA
38642,38100,VA
53082,77600,VA
24632,34300,VA
5935,26700,VA
30569,34100,WA
11167,41300,WA
11076,34600,WA
11605,32200,WA
28645,29700,WA
19646,44900,WA
11952,27700,WA
31330,50400,WA
11243,32800,WA
11188,32900,WA
11838,32600,WA
42449,29900,WA
17928,40500,WA
12023,35500,WA
11280,35300,WA
19245,31800,WA
11135,34200,WA
43173,52800,WA
11455,26100,WA
12349,36600,WA
23789,33000,WA
11652,36100,WA
26398,42500,WA
27158,42500,WA
13119,35300,WA
10551,39000,WA
11504,29100,WA
9008,34500,WA
32489,40200,WA
10621,30200,WA
40879,45900,WA
10628,28100,WA
49995,51500,WA
11587,35100,WA
37884,47400,WA
11466,33700,WA
9966,30700,WA
41567,43900,WA
44536,55200,WA
11286,40500,WA
12041,31300,WA
10955,31600,WA
10058,30600,WA
11016,28300,WA
10967,34500,WA
11385,31400,WA
32718,45800,WA
23611,46400,WA
20765,52100,WA
11431,31500,WA
28520,24900,WA
19610,43200,WA
11058,31100,WA
50690,43000,WA
40721,41200,WA
11617,30700,WA
32011,43400,WV
20308,27900,WV
16385,37300,WV
15297,24000,WV
35601,40900,WV
14830,29400,WV
9463,33000,WV
34118,42000,WV
16196,32900,WV
30588,35900,WV
14471,34200,WV
17081,31400,WV
16316,17700,WV
15433,35100,WV
28434,18700,WV
11040,26900,WV
19641,14900,WV
26752,34000,WV
9401,29200,WV
13418,43900,WV
22473,29700,WV
16179,38500,WV
5967,25200,WV
12501,29500,WV
16033,33200,WV
14561,43900,WV
36726,43100,WV
26554,18600,WV
18436,18600,WV
21500,21500,WV
7805,23600,WV
15946,43900,WV
35678,43300,WV
28339,37400,WI
10972,34600,WI
44174,37900,WI
11996,31200,WI
36121,51000,WI
33988,43600,WI
40868,42400,WI
33511,40700,WI
32699,40900,WI
10277,35200,WI
11154,30500,WI
26204,38400,WI
30183,46500,WI
30774,39900,WI
11756,32300,WI
45869,42800,WI
22110,32000,WI
30321,39700,WI
43201,55600,WI
11686,32200,WI
12086,30500,WI
38873,30600,WI
42662,65700,WI
12758,33000,WI
29396,37000,WI
11254,26400,WI
12261,34600,WI
11962,35300,WI
35494,31900,WI
37351,42800,WI
37058,45300,WI
30125,38100,WI
11203,29800,WI
21760,22300,WI
12076,33000,WI
30593,41100,WI
12203,36000,WI
11614,38100,WI
11541,32000,WI
15188,41200,WI
12057,32100,WI
16390,43400,WI
14914,39600,WI
16721,44100,WI
31487,37300,WI
16356,40500,WI
17137,36900,WI
19960,42300,WI
16980,42000,WI
16736,35600,WI
21209,51000,WI
19020,42000,WI
15000,44000,WI
15754,39700,WI
15380,39400,WI
11894,32900,WY
8828,30500,WY
12267,26200,WY
9553,32400,WY
10148,28800,WY
10551,32300,WY
10433,31100,WY
16576,46200,WY
5040,19800,AS
10316,23100,GU
22716,31300,GU
7637,19000,MP
14510,20300,PR
14548,20300,PR
9324,15600,PR
13112,21600,PR
9369,18600,PR
10829,19300,PR
9409,21100,PR
7845,17600,PR
8305,17600,PR
9381,18600,PR
10076,18600,PR
10061,17800,PR
7310,23700,PR
14259,19800,PR
13813,19000,PR
9779,14500,PR
4845,20800,PR
10423,17900,PR
13043,14400,PR
12125,16000,PR
12198,16000,PR
6025,20800,PR
8146,20800,PR
3843,20800,PR
11693,20000,PR
14195,20000,PR
15448,20000,PR
12068,20000,PR
17733,20000,PR
13877,20000,PR
11776,20000,PR
14483,20000,PR
11741,20000,PR
16148,16700,PR
16650,16700,PR
13810,19200,PR
12339,20100,PR
19322,25400,PR
9421,18600,PR
13953,18900,PR
7025,15800,FM
6354,23700,PW
14407,34200,VI
55918,80900,CA
21549,52600,IN
12642,19000,PR
12087,16000,PR
25338,38400,CA
26836,38400,CO
23194,51700,DE
25798,26400,FL
10158,32500,GA
14654,26300,GA
29181,16100,KY
21836,28700,MO
15431,21500,MO
15772,21500,MO
10165,31300,NJ
53806,32300,NM
34487,35500,WA
23634,38900,OK
23568,19400,OK
8637,28800,TX
11350,26900,GA
26436,29300,KY
28467,22800,MI
11212,32600,NJ
61400,22200,VT
22074,37800,MO
9219,35400,TX
11050,25000,KY
9805,22100,GA
35107,34500,CA
22851,37800,NM
22285,37600,VA
19952,22800,PA
11679,20300,PA
24997,37900,PA
24665,27200,PA
27587,22800,MI
15855,19100,OH
25979,38400,IN
11530,29000,AL
30635,29800,SC
28925,26200,FL
9837,18000,WI
32047,29800,CA
41487,32600,CO
25993,34400,IA
36529,34400,IA
24657,38400,IL
27514,29700,IL
25791,38400,MI
22393,21500,PA
24021,32500,VA
6520,32000,MO
31096,32900,AZ
20690,26900,CA
24863,35600,CA
30013,22500,KY
23374,23900,MI
25022,29700,WA
9504,23800,NM
8033,17600,PR
8140,17600,PR
33146,42900,AZ
11615,32300,AZ
11873,39400,AZ
29095,32200,WI
40370,25700,FL
29533,29000,TX
35367,30300,NY
20283,21200,TX
24325,39600,PA
27183,33200,TX
14724,18800,MT
9941,36700,NY
9456,33400,CA
10606,21800,GA
11075,21600,GA
24518,26200,AL
26721,26400,CO
21815,27400,FL
25782,38400,MA
26873,38400,TN
26319,38400,TX
26873,38400,TX
17252,45400,CA
26308,38200,HI
30280,34400,IA
24612,23000,KS
15398,22700,KY
20934,19200,LA
36518,30300,MN
33044,26000,PA
16889,32300,AR
23998,38100,FL
26496,25300,FL
26372,38200,GA
32195,22500,TN
19049,23300,TN
26614,38400,VA
29285,26000,CA
8354,22000,GA
28016,38400,NM
16217,26000,FL
27685,24100,MO
20830,23900,OH
21928,22300,OH
14060,20400,AL
26226,31200,CA
23940,39400,CA
24602,26200,CA
29434,26000,CA
21759,53400,AZ
27294,53400,CA
21154,25200,CO
27114,27900,FL
26564,38400,FL
26554,27500,GA
24533,26200,HI
21353,34200,IA
29398,25200,IA
21131,30100,LA
21481,27200,ME
22887,22300,NY
13989,12000,NY
25159,22500,OH
27704,25200,OH
27896,28900,OR
16861,22000,PA
21579,23200,PA
9338,17800,PR
8388,17700,PR
9370,13000,PR
26007,38400,TX
29878,27200,TX
23696,24500,VA
27183,24500,VA
16924,52100,WA
17145,52100,WA
30179,22100,WV
29143,25500,WV
29834,17000,WV
25676,38400,CA
31868,23000,CA
22685,28300,FL
24330,27200,TX
10241,20900,MI
16801,25900,MN
13697,28000,WA
21775,23700,UT
27312,53400,UT
9939,30700,WA
17352,26500,MI
25168,28300,CO
23571,35000,CO
25288,38400,CA
23232,53400,PR
25174,27800,NC
19290,22800,TN
9838,29200,TX
22856,25600,VA
12037,27600,HI
25885,22700,MS
11593,30200,NM
11654,30800,AZ
9973,27900,IL
13216,31300,GA
11690,31300,GA
12865,31300,GA
11963,31300,GA
22122,65400,DC
22910,27200,FL
29081,21200,PA
21627,41500,FL
18925,14600,NY
25985,42300,FL
21480,22000,TN
14910,46700,TX
21166,26400,FL
26417,25300,FL
22736,29000,IL
28581,30100,TN
12878,26500,CA
37429,43800,CA
31536,26000,CA
27529,29500,CA
27258,44100,SD
46544,27500,NM
7372,22900,IL
6628,31500,IL
6925,28900,IL
17496,26500,MI
17038,26500,MI
22424,28700,MO
22824,28700,MO
21913,28700,MO
14521,29100,AZ
23934,27200,TX
22793,28300,FL
24623,32700,TX
17942,26500,MI
10891,21100,PR
18239,23700,FL
27297,26400,NY
25344,11800,NY
8286,35800,MD
27312,53400,AZ
26075,53400,CO
25544,53400,NM
28050,53400,CA
28193,53400,CA
26999,29800,IL
15010,17900,KS
31151,22100,KY
20755,29000,MO
27609,26400,FL
27037,38400,FL
31250,35700,MN
26825,38400,NE
28246,42300,NE
28558,25200,IN
25470,22000,FL
26218,38400,FL
5663,29100,TX
25746,30300,CT
26859,27900,FL
18298,41500,CA
21830,29300,MO
24090,44100,MO
23413,32300,CA
27615,25200,GA
22104,22300,NY
32446,38200,CA
13821,29900,CA
25811,26200,TN
17997,69500,MN
14138,21400,WI
25737,38400,AR
25306,38400,CA
26479,38400,KY
25663,38400,SC
25898,38400,TN
22870,32600,WI
17762,26500,MI
11819,18900,PR
26282,42500,WA
25829,38400,AL
25643,38400,IL
51377,23000,NY
22483,26500,MI
36083,35100,FL
26974,38400,PA
22945,24700,IN
22660,42600,IN
6145,27800,PA
26472,53400,NV
21013,23100,FL
22796,22900,FL
23800,47400,MO
16750,31400,NY
16098,56600,NY
26033,25700,NY
13333,39700,PA
11257,18300,PR
26256,23200,TN
21078,35600,CA
23073,21600,PA
26372,38200,VA
27804,53400,CA
10723,18300,PR
10397,18300,PR
11015,18300,PR
23421,25300,FL
22968,24500,VA
26085,53400,HI
27916,26400,AL
22408,26400,AL
9320,34100,TX
26635,38400,NY
11914,22800,GA
12647,27500,ME
25765,27200,GA
25611,27200,OH
18480,32700,AR
14996,33100,OR
25603,38200,IL
26278,53400,LA
28070,53400,MI
29994,25200,KY
22100,25900,AZ
27554,29200,NC
45954,27800,NY
21362,26900,CA
12666,31300,GA
12081,23900,OR
21979,24700,IN
30983,34100,CA
20015,22100,MA
18330,60900,FL
25902,38400,TX
24997,40000,VA
25419,25200,VA
26263,27900,FL
26372,38200,FL
34080,34900,IL
18408,22900,PA
11941,24000,OR
34249,25200,AZ
9166,23400,MA
26974,38400,NV
21315,44100,CO
26846,37400,OR
26692,26400,FL
26756,26400,AZ
31329,51700,MD
25844,38400,FL
25833,38400,PA
25697,38400,PA
26756,38400,OH
25658,38400,OH
39959,33900,NE
8204,16400,PR
11743,19600,PR
11843,16200,PR
9453,17000,PR
29070,46500,NY
29374,46500,IN
27217,53400,WA
27086,53400,FL
26857,53400,OR
31805,29800,CA
33368,38200,CA
66045,36800,CA
19606,38800,UT
24506,32000,CA
21968,42300,LA
20795,30900,KY
15942,41200,FL
8915,16300,NE
25294,38400,TX
15498,18400,MI
21211,26400,FL
26077,38400,MO
26270,38400,IL
25707,38400,NY
25287,38400,NY
10469,34200,MD
25331,26400,SC
25823,20600,SC
23076,25400,LA
12009,16200,PR
26941,53400,FL
26758,53400,FL
26776,53400,FL
26352,53400,MD
26352,53400,OK
26352,53400,OK
25924,38200,AZ
19417,34200,MO
23843,28700,MO
11780,16200,PR
20441,37800,MN
10725,15000,PR
12185,53900,CT
11864,53900,CT
12206,53900,CT
26526,38400,LA
25421,38400,VA
24444,38400,CA
21350,22700,CA
27914,34100,CA
26495,35000,CA
21120,31700,UT
19657,27800,PA
26352,53400,CO
27552,53400,MI
28601,36800,VA
25470,43000,GA
28339,43000,FL
25804,53400,PA
26352,53400,PA
23635,23000,VA
26387,39700,IN
27141,26200,AR
16998,25300,FL
21979,24700,IN
25924,38200,WA
26023,38400,MA
12107,34200,WA
29529,46500,FL
28292,53400,MO
36083,35100,CO
28392,53400,OH
19330,24200,PA
17250,24200,PA
29706,46500,MD
34351,32800,OH
26403,23800,LA
24251,24000,LA
23173,26800,IN
22161,34700,CA
22744,23500,FL
31111,24000,FL
24695,43200,GA
27343,32200,IL
26635,38400,WI
15803,29700,IN
25070,22500,LA
25461,23000,CA
5781,29400,MO
36674,31600,VA
27642,25200,VA
8971,32700,AR
28392,53400,MA
27284,53400,TX
27016,53400,TX
27356,53400,WI
26712,53400,ID
27053,35000,CA
29066,46500,VA
30678,46500,WA
30996,46500,CO
25876,38400,PA
11452,15900,PR
18281,37800,SD
23884,37800,NM
23237,37800,MN
20885,28700,TN
22125,28700,OK
21226,28700,KS
23264,27800,FL
19987,22800,SC
22990,23900,OH
26686,37300,MO
26750,21900,MS
26215,22400,OH
12646,48200,TX
18691,26400,TX
26111,38400,VA
26553,38400,VA
28133,38200,CA
27297,53400,MO
26161,53400,GA
26818,53400,IL
26116,53400,TN
26352,53400,VA
26372,38200,TX
29125,27800,FL
29095,26400,VA
25867,38400,MI
25992,38400,PA
23677,53100,PA
30266,46500,NC
20280,18600,WV
20856,28700,OH
36299,21900,MO
15534,22700,GA
19720,26900,CA
27046,29800,TX
27106,32400,TX
29056,35700,MN
29393,27100,FL
24046,37800,KS
23242,23200,FL
26655,24900,TX
31846,46500,PA
40314,23000,IL
24353,35800,PA
26352,53400,OH
26329,53400,KS
27021,53400,NC
26927,38400,GA
26485,38400,OH
27068,53400,IN
9311,16200,PR
26776,28900,GA
21401,22800,TN
26552,32200,IL
27276,26700,GA
31554,51700,TN
31329,51700,PA
35987,23400,TX
27053,53400,GA
27175,53400,TN
27387,53400,OH
26260,53400,AR
31116,46500,NV
26482,29700,WA
32865,46500,OR
16216,16700,PR
26790,35000,TX
25970,22500,OH
26217,44100,CO
17623,26500,MI
29875,22500,TN
33203,25200,AZ
27470,20600,SC
11015,35500,PA
24542,43000,IL
27184,29800,GA
26747,38400,MN
23413,26400,AL
29263,32900,NV
22634,25200,MI
27542,43000,TX
23518,27200,TX
26603,23900,TX
23191,27200,TX
26298,26200,TN
27370,32400,GA
25586,53400,NJ
28392,53400,MN
26352,53400,KY
31710,46500,MN
32945,34400,IA
26280,26200,FL
30163,24700,VA
24325,28700,MO
36501,27500,UT
37097,35100,NC
27789,53400,CA
24183,34200,MO
15304,23200,FL
28803,35700,MN
32463,35700,MN
35241,34900,OH
26249,31700,UT
26352,53400,MO
27312,53400,IA
27552,53400,TX
26998,53400,TX
25929,53400,VA
27312,53400,NC
26434,27800,NV
27154,27800,WA
25552,25200,TN
28275,26000,FL
31407,28900,MN
16557,19200,LA
26412,38400,MO
26591,38400,GA
26170,38400,MD
27080,38400,OH
29361,34200,VA
27371,28300,AZ
33315,23800,UT
25924,38200,CA
29366,25200,FL
19074,26900,CA
6157,20900,FL
19510,24700,IN
26178,29700,UT
25694,22100,KY
32326,46500,OK
21465,29700,UT
27035,53400,GA
26694,53400,NV
31339,35700,MN
13940,43000,GA
35265,25200,IN
24664,26900,CA
16558,26900,CA
28688,29300,IN
26372,38400,NC
24925,38400,CA
25556,38400,PA
25412,38400,MI
25992,38400,KY
26689,38400,OH
27366,38400,OK
27442,38400,OK
26352,53400,NE
26352,53400,AR
25663,53400,IN
25987,53400,WI
26352,53400,SC
31412,38200,CA
20947,37800,MO
24217,29700,OH
29306,34200,VA
18904,22800,TN
22630,31300,IL
25475,38200,CO
26961,28800,CO
26617,28800,CO
22414,28300,WI
26352,53400,CT
25548,53400,PA
17825,41700,FL
23841,37700,PA
30699,46500,UT
38706,31600,TN
31329,51700,FL
21786,23100,FL
22123,23100,FL
21192,21000,NC
21148,31500,OH
11635,16200,PR
11207,16200,PR
11637,16200,PR
38246,22100,KY
34135,29800,FL
24540,42300,VA
20037,31500,OH
24151,25400,LA
34800,25200,UT
23065,27500,OH
27723,27500,OH
41482,31600,SC
32410,38200,CA
25528,23800,AR
24763,24000,LA
21747,26400,MS
27640,38400,FL
25239,38400,LA
25610,38400,SC
26720,38400,KS
26811,38400,GA
27371,38400,AL
27092,38400,TN
26458,38400,IN
25183,26400,TN
31329,51700,DE
31334,51700,AL
22082,24700,IN
29275,27900,UT
27509,27800,CA
26990,53400,AL
23983,27800,TX
25786,53400,GA
22332,53400,DC
26997,53400,TN
29314,46500,MI
31662,46500,TN
25924,38200,CA
25311,38200,TN
26372,38200,CA
23442,31300,WI
31756,29200,PA
29323,25200,IN
26154,28800,WY
9583,17800,PR
21383,22300,WI
27018,35700,MN
33069,34900,MI
35075,32900,TX
31419,38200,CA
24266,27200,TX
25021,22500,LA
21429,37800,TX
24046,37800,KS
20616,25800,MD
26635,38400,NC
26262,38400,AL
27300,38400,IA
26240,38400,OH
26420,38400,AZ
27229,38400,WI
26070,38400,NC
35636,25200,KS
34616,28200,NC
29849,26000,MA
26593,29000,TX
26046,38200,UT
5465,20800,PR
19593,26400,AL
26768,29300,OH
23999,32000,MO
31329,51700,KY
31329,51700,NC
31329,51700,NJ
20776,22400,OH
23499,22400,OH
22410,22400,OH
23783,22000,OH
20479,23300,OH
22844,27700,OH
31058,46500,KY
25193,56300,IL
29120,56300,OH
31200,56300,AZ
31070,24100,AR
31799,27900,UT
21706,26400,SC
14810,20400,FL
17145,20400,AL
28014,22800,MI
28494,22800,MI
26569,34200,TN
33397,35700,MN
28031,25200,ID
26337,25200,OK
40978,25800,AL
29886,22100,KY
22104,22800,NC
16256,21500,MO
18984,26400,FL
31088,31600,VA
18438,26400,SC
20783,29700,MI
22168,25200,AZ
21021,21000,NC
26062,16100,OH
25393,27800,FL
22978,32700,TX
40970,38200,AZ
27549,29300,IN
29159,29300,IN
30260,29300,KY
26699,38400,MS
26433,38400,MO
26420,38400,WV
25143,38400,CA
25876,38400,FL
26635,38400,NC
24745,22100,UT
27876,25400,FL
20311,25400,FL
26698,25200,AZ
31329,51700,WV
31329,51700,OH
28346,35700,MN
27102,25200,SC
30627,31100,SD
29103,31100,WI
31909,31100,MN
21635,26900,CA
23164,28400,TN
22068,47800,MN
21091,23100,FL
22540,23700,UT
24043,22400,OH
20500,42300,OH
33074,56300,FL
17205,23200,HI
19835,26400,GA
26886,22800,MI
17910,21000,NC
20921,24700,OH
13522,22800,GA
17239,16700,PR
31873,31600,VA
21395,22300,WI
37053,22100,KY
17443,26400,SC
23352,34100,MI
23544,34100,MI
25290,34100,IL
22230,34100,AZ
26054,34100,FL
25195,20900,IN
32252,31100,WI
26391,35700,MN
29714,31100,WI
30002,31100,WI
30552,31100,WI
31329,51700,GA
31329,51700,MS
31329,51700,SC
31329,51700,TX
32401,32900,TX
32747,31100,WI
21938,27900,UT
21902,22300,VA
32627,29800,VA
34226,29800,VA
25957,38400,IN
26851,38400,FL
26319,38400,VA
26794,38400,OH
27640,38400,IA
26223,38400,CA
27556,38400,TN
27326,38400,TX
27635,38400,SC
27930,38400,CO
27483,38400,CA
25449,38400,CA
26577,38400,MI
26031,38400,NV
24934,22000,OH
19066,42300,WI
21526,42300,WI
25102,39400,CA
31329,51700,DC
17365,27500,SC
27685,25200,NM
25171,25200,MO
30416,22200,MI
31482,24600,IN
31880,23000,OH
31542,19900,MI
15183,26400,CO
25917,24700,TX
35037,22100,KY
27768,22800,MI
28537,25200,TX
15137,16000,PR
21975,26400,LA
22552,28900,FL
24688,21000,NC
22551,22800,GA
23584,21000,SC
18369,26400,GA
37292,56300,VA
26496,31700,ID
24155,22100,NY
21757,31700,UT
24046,37800,CO
22690,37800,MO
24046,37800,CO
27360,31100,WI
28341,56300,MO
33653,29800,TX
34845,29800,MI
14641,15000,KY
26060,27800,OR
11293,16200,PR
11417,16200,PR
11502,16200,PR
33968,25200,WI
31313,32200,MN
14413,19400,FL
15135,19400,FL
33037,29800,GA
32392,47500,CA
29813,33700,MN